{
  "meta_title": "",
  "meta_description": "",
  "sections": [
    {
      "type": "banner-slider",
      "autoplay": 8000,
      "full_width": false,
      "slides": [
        {
          "img": "/img/uploads/novo.png",
          "link": "",
          "alt": "",
          "start": "",
          "end": "",
          "mobile_img": "/img/uploads/mobile.png"
        }
      ]
    },
    {
      "type": "info-bar",
      "enabled": true
    },
    {
      "type": "collection-shelf",
      "shuffle": false,
      "limit": 12,
      "page": 1,
      "collection_id": "623cf47c2e405e04fff9ff6d:categories:TÁBUAS NUMERADAS:/tabuas-numeradas"
    },
    {
      "type": "collection-shelf",
      "shuffle": false,
      "limit": 12,
      "page": 1,
      "collection_id": "688024c5578b5f79546e7413:categories:TÁBUAS EXCLUSIVAS:/tabuas-exclusivas"
    },
    {
      "type": "collection-shelf",
      "shuffle": false,
      "limit": 12,
      "page": 1,
      "collection_id": "64dab1362cd6b65959175b02:categories:TÁBUAS RÚSTICAS:/tabuas-rustica"
    },
    {
      "type": "collection-shelf",
      "shuffle": false,
      "limit": 12,
      "page": 1,
      "collection_id": "623cf8362e405e04fffa073f:categories:ACESSÓRIOS:/categoria-acessorios"
    },
    {
      "type": "collection-shelf",
      "shuffle": false,
      "limit": 12,
      "page": 1,
      "collection_id": "64504e344bd2e929c1e81608:categories:SUPORTE PARA FACAS:/suporte-para-facas"
    },
    {
      "type": "collection-shelf",
      "shuffle": false,
      "limit": 12,
      "page": 1,
      "collection_id": "643573b54bd2e929c1caa7d9:categories:ABRIDOR DE GARRAFAS MAGNÉTICO:/abridor-de-garrafas-magnetico"
    },
    {
      "type": "collection-shelf",
      "shuffle": false,
      "limit": 12,
      "page": 1,
      "collection_id": "623cf8012e405e04fffa06ac:categories:FACAS:/categoria-facas"
    }
  ]
}